Reference, Value, Footprint, Datasheet, MFG,MFG#, VEND1,VEND1#, Field4, Field5, mfg,mfg#, vend1,vend1#, VEND2,VEND2#, Field6, Field7, Field8, V, tolerance, construct, misc, VEND,VEND1#
W1,TEST,SM0805_jumper,,Matsushita,ERJ6GEY0R00V,DIGI,P0.0ADKR-ND,,,,,,,,,,,,,
W2,TEST,SM0805_jumper,,Matsushita,ERJ6GEY0R00V,DIGI,P0.0ADKR-ND,,,,,,,,,,,,,
W3,TEST,SM0805_jumper,,Matsushita,ERJ6GEY0R00V,DIGI,P0.0ADKR-ND,,,,,,,,,,,,,
W4,TEST,SM0805_jumper,,Matsushita,ERJ6GEY0R00V,DIGI,P0.0ADKR-ND,,,,,,,,,,,,,
W5,TEST,SM0805_jumper,,Matsushita,ERJ6GEY0R00V,DIGI,P0.0ADKR-ND,,,,,,,,,,,,,
W6,TEST,SM0805_jumper,,Matsushita,ERJ6GEY0R00V,DIGI,P0.0ADKR-ND,,,,,,,,,,,,,
W7,TEST,SM0805_jumper,,Matsushita,ERJ6GEY0R00V,DIGI,P0.0ADKR-ND,,,,,,,,,,,,,
W8,TEST,SM0805_jumper,,Matsushita,ERJ6GEY0R00V,DIGI,P0.0ADKR-ND,,,,,,,,,,,,,
W9,TEST,SM0805_jumper,,Matsushita,ERJ6GEY0R00V,DIGI,P0.0ADKR-ND,,,,,,,,,,,,,
W10,TEST,SM0805_jumper,,Matsushita,ERJ6GEY0R00V,DIGI,P0.0ADKR-ND,,,,,,,,,,,,,
W11,TEST,SM0805_jumper,,Matsushita,ERJ6GEY0R00V,DIGI,P0.0ADKR-ND,,,,,,,,,,,,,
W12,TEST,SM0805_jumper,,Matsushita,ERJ6GEY0R00V,DIGI,P0.0ADKR-ND,,,,,,,,,,,,,
W13,TEST,SM0805_jumper,,Matsushita,ERJ6GEY0R00V,DIGI,P0.0ADKR-ND,,,,,,,,,,,,,
W14,TEST,SM0805_jumper,,Matsushita,ERJ6GEY0R00V,DIGI,P0.0ADKR-ND,,,,,,,,,,,,,
W15,TEST,SM0805_jumper,,Matsushita,ERJ6GEY0R00V,DIGI,P0.0ADKR-ND,,,,,,,,,,,,,
W16,TEST,SM0805_jumper,,Matsushita,ERJ6GEY0R00V,DIGI,P0.0ADKR-ND,,,,,,,,,,,,,
W17,TEST,SM0805_jumper,,Matsushita,ERJ6GEY0R00V,DIGI,P0.0ADKR-ND,,,,,,,,,,,,,
W18,TEST,SM0805_jumper,,Matsushita,ERJ6GEY0R00V,DIGI,P0.0ADKR-ND,,,,,,,,,,,,,
W19,TEST,SM0805_jumper,,Matsushita,ERJ6GEY0R00V,DIGI,P0.0ADKR-ND,,,,,,,,,,,,,
W20,TEST,SM0805_jumper,,Matsushita,ERJ6GEY0R00V,DIGI,P0.0ADKR-ND,,,,,,,,,,,,,
W21,TEST,SM0805_jumper,,Matsushita,ERJ6GEY0R00V,DIGI,P0.0ADKR-ND,,,,,,,,,,,,,
W22,TEST,SM0805_jumper,,Matsushita,ERJ6GEY0R00V,DIGI,P0.0ADKR-ND,,,,,,,,,,,,,
P99,176122-6_2ND,176122-6_2nd,DOCUMENTATION,TE,176122-6,DIGI,176122-6_2ND,,,,,,,,,,,,,
W27,TEST,SM0805_jumper,,Matsushita,ERJ6GEY0R00V,DIGI,P0.0ADKR-ND,,,,,,,,,,,,,
W28,TEST,SM0805_jumper,,Matsushita,ERJ6GEY0R00V,DIGI,P0.0ADKR-ND,,,,,,,,,,,,,
W33,TEST,SM0805_jumper,,Matsushita,ERJ6GEY0R00V,DIGI,P0.0ADKR-ND,,,,,,,,,,,,,
W34,TEST,SM0805_jumper,,Matsushita,ERJ6GEY0R00V,DIGI,P0.0ADKR-ND,,,,,,,,,,,,,
W35,TEST,SM0805_jumper,,Matsushita,ERJ6GEY0R00V,DIGI,P0.0ADKR-ND,,,,,,,,,,,,,
W36,TEST,SM0805_jumper,,Matsushita,ERJ6GEY0R00V,DIGI,P0.0ADKR-ND,,,,,,,,,,,,,
W37,TEST,SM0805_jumper,,Matsushita,ERJ6GEY0R00V,DIGI,P0.0ADKR-ND,,,,,,,,,,,,,
W38,TEST,SM0805_jumper,,Matsushita,ERJ6GEY0R00V,DIGI,P0.0ADKR-ND,,,,,,,,,,,,,
W39,TEST,SM0805_jumper,,littlefuse,0224007.HXUP,DIGI,F2441-ND,,,,,,,,,,,,,
W40,TEST,SM0805_jumper,,littlefuse,0224007.HXUP,DIGI,F2441-ND,,,,,,,,,,,,,
W41,TEST,SM0805_jumper,,littlefuse,0224007.HXUP,DIGI,F2441-ND,,,,,,,,,,,,,
W42,TEST,SM0805_jumper,,littlefuse,0224007.HXUP,DIGI,F2441-ND,,,,,,,,,,,,,
W43,TEST,SM0805_jumper,,Matsushita,ERJ6GEY0R00V,DIGI,P0.0ADKR-ND,,,,,,,,,,,,,
W44,TEST,SM0805_jumper,,Matsushita,ERJ6GEY0R00V,DIGI,P0.0ADKR-ND,,,,,,,,,,,,,
W45,TEST,SM0805_jumper,,Matsushita,ERJ6GEY0R00V,DIGI,P0.0ADKR-ND,,,,,,,,,,,,,
W46,TEST,SM0805_jumper,,Matsushita,ERJ6GEY0R00V,DIGI,P0.0ADKR-ND,,,,,,,,,,,,,
W47,TEST,SM0805_jumper,,Matsushita,ERJ6GEY0R00V,DIGI,P0.0ADKR-ND,,,,,,,,,,,,,
W48,TEST,SM0805_jumper,,Matsushita,ERJ6GEY0R00V,DIGI,P0.0ADKR-ND,,,,,,,,,,,,,
W49,TEST,SM0805_jumper,,littlefuse,0805L010YR,DIGI,F2769CT-ND,,,,,,,,,,,,,
W50,TEST,SM0805_jumper,,Matsushita,ERJ6GEY0R00V,DIGI,P0.0ADKR-ND,,,,,,,,,,,,,
W51,TEST,SM0805_jumper,,Matsushita,ERJ6GEY0R00V,DIGI,P0.0ADKR-ND,,,,,,,,,,,,,
W52,TEST,SM0805_jumper,,Matsushita,ERJ6GEY0R00V,DIGI,P0.0ADKR-ND,,,,,,,,,,,,,
W53,TEST,SM0805_jumper,,Matsushita,ERJ6GEY0R00V,DIGI,P0.0ADKR-ND,,,,,,,,,,,,,
W54,TEST,SM0805_jumper,,Matsushita,ERJ6GEY0R00V,DIGI,P0.0ADKR-ND,,,,,,,,,,,,,
W55,TEST,SM0805_jumper,,Matsushita,ERJ6GEY0R00V,DIGI,P0.0ADKR-ND,,,,,,,,,,,,,
W56,TEST,SM0805_jumper,,Matsushita,ERJ6GEY0R00V,DIGI,P0.0ADKR-ND,,,,,,,,,,,,,
W57,TEST,SM0805_jumper,,Matsushita,ERJ6GEY0R00V,DIGI,P0.0ADKR-ND,,,,,,,,,,,,,
W58,TEST,SM0805_jumper,,Matsushita,ERJ6GEY0R00V,DIGI,P0.0ADKR-ND,,,,,,,,,,,,,
W59,TEST,SM0805_jumper,,Matsushita,ERJ6GEY0R00V,DIGI,P0.0ADKR-ND,,,,,,,,,,,,,
W60,TEST,SM0805_jumper,,Matsushita,ERJ6GEY0R00V,DIGI,P0.0ADKR-ND,,,,,,,,,,,,,
W61,TEST,SM0805_jumper,,Matsushita,ERJ6GEY0R00V,DIGI,P0.0ADKR-ND,,,,,,,,,,,,,
W62,TEST,SM0805_jumper,,Matsushita,ERJ6GEY0R00V,DIGI,P0.0ADKR-ND,,,,,,,,,,,,,
S1,DISPLAY_BL,DISPLAY_4x20_BL,
JPO1,TEST-LCD,SIL-2,,,,dnp,dnp,dnp,dnp,,,,,,,,,,,
R99,1k,SM0805,,Panasonic,ERA-6AEB102V,DIGI,P1.0KDACT-ND,,,,,,,,,,,,,
W32,TEST,SM0805_jumper,,Matsushita,ERJ6GEY0R00V,DIGI,P0.0ADKR-ND,,,,,,,,,,,,,
W31,TEST,SM0805_jumper,,Matsushita,ERJ6GEY0R00V,DIGI,P0.0ADKR-ND,,,,,,,,,,,,,
W30,TEST,SM0805_jumper,,Matsushita,ERJ6GEY0R00V,DIGI,P0.0ADKR-ND,,,,,,,,,,,,,
W29,TEST,SM0805_jumper,,Matsushita,ERJ6GEY0R00V,DIGI,P0.0ADKR-ND,,,,,,,,,,,,,
G2,LOGO,LOGO,,,,DNP,DNP,DNP,DNP,,,,,,,,,,,
U4,ITEAD_HC-0X,ITEAD_HC-05,
C24,0.1uF,SM0805,,AVX,08055C104KAT2A,DIGI,478-1395-1-ND,,,,,,,,,,,,,
C23,1uF,SM0805,,TDK,C2012X7S2A105K125AB,DIGI,445-5205-6-ND,,,,,,,,,,,,,
JPO4,TEST-CRK,SIL-2,,,,dnp,dnp,dnp,dnp,,,,,,,,,,,
JPO5,TEST-CAM,SIL-2,,,,dnp,dnp,dnp,dnp,,,,,,,,,,,
P9,CONN_1,SIL-1,,DO NOT POPULATE,DNP,DO NOT POPULATE,DNP,,,,,,,,,,,,,
P10,CONN_1,SIL-1,,DO NOT POPULATE,DNP,DO NOT POPULATE,DNP,,,,,,,,,,,,,
P11,CONN_1,SIL-1,,DO NOT POPULATE,DNP,DO NOT POPULATE,DNP,,,,,,,,,,,,,
P12,CONN_1,SIL-1,,DO NOT POPULATE,DNP,DO NOT POPULATE,DNP,,,,,,,,,,,,,
P13,CONN_1,SIL-1,,DO NOT POPULATE,DNP,DO NOT POPULATE,DNP,,,,,,,,,,,,,
P15,CONN_1,SIL-1,,DO NOT POPULATE,DNP,DO NOT POPULATE,DNP,,,,,,,,,,,,,
P16,CONN_1,SIL-1,,DO NOT POPULATE,DNP,DO NOT POPULATE,DNP,,,,,,,,,,,,,
P17,CONN_1,SIL-1,,DO NOT POPULATE,DNP,DO NOT POPULATE,DNP,,,,,,,,,,,,,
P18,CONN_1,SIL-1,,DO NOT POPULATE,DNP,DO NOT POPULATE,DNP,,,,,,,,,,,,,
P19,CONN_1,SIL-1,,DO NOT POPULATE,DNP,DO NOT POPULATE,DNP,,,,,,,,,,,,,
P20,CONN_1,SIL-1,,DO NOT POPULATE,DNP,DO NOT POPULATE,DNP,,,,,,,,,,,,,
P21,CONN_1,SIL-1,,DO NOT POPULATE,DNP,DO NOT POPULATE,DNP,,,,,,,,,,,,,
P22,CONN_1,SIL-1,,DO NOT POPULATE,DNP,DO NOT POPULATE,DNP,,,,,,,,,,,,,
P23,CONN_1,SIL-1,,DO NOT POPULATE,DNP,DO NOT POPULATE,DNP,,,,,,,,,,,,,
P30,CONN_1,SIL-1,,DO NOT POPULATE,DNP,DO NOT POPULATE,DNP,,,,,,,,,,,,,
P6,CONN_1,SIL-1,,DO NOT POPULATE,DNP,DO NOT POPULATE,DNP,,,,,,,,,,,,,
D14,DIODESCH,SM0805_jumper,,DNP,DNP,DNP,DNP,,,,,,,,,,,,,
D15,DIODESCH,SM0805_jumper,,DNP,DNP,DNP,DNP,,,,,,,,,,,,,
D12,DIODESCH,SM0805_jumper,,DNP,DNP,DNP,DNP,,,,,,,,,,,,,
D13,DIODESCH,SM0805_jumper,,DNP,DNP,DNP,DNP,,,,,,,,,,,,,
D18,DIODESCH,SM0805_jumper,,DNP,DNP,DNP,DNP,,,,,,,,,,,,,
D19,DIODESCH,SM0805_jumper,,DNP,DNP,DNP,DNP,,,,,,,,,,,,,
D16,DIODESCH,SM0805_jumper,,DNP,DNP,DNP,DNP,,,,,,,,,,,,,
D17,DIODESCH,SM0805_jumper,,DNP,DNP,DNP,DNP,,,,,,,,,,,,,
D22,DIODESCH,SM0805_jumper,,DNP,DNP,DNP,DNP,,,,,,,,,,,,,
D23,DIODESCH,SM0805_jumper,,DNP,DNP,DNP,DNP,,,,,,,,,,,,,
D20,DIODESCH,SM0805_jumper,,DNP,DNP,DNP,DNP,,,,,,,,,,,,,
D21,DIODESCH,SM0805_jumper,,DNP,DNP,DNP,DNP,,,,,,,,,,,,,
W64,CONN_1,SIL-1,
W63,CONN_1,SIL-1,
P101,CONN_1,SIL-1,,DO NOT POPULATE,DNP,DO NOT POPULATE,DNP,,,,,,,,,,,,,
U5,SKRHAAE010,joystick_SKRHAAE010,,ALPS,SKRHAAE010,Mouser,688-SKRHAAE010,,,,,,,,,,,,,
W23,TEST,SM0805_jumper,,Matsushita,ERJ6GEY0R00V,DIGI,P0.0ADKR-ND,,,,,,,,,,,,,
RV101,1kpot,TC33X-2-102E,,Bourns,TC33X-2-102E,DIGI,TC33X-102ECT-ND,,,,,,,,,,,,,
W101,TEST,SM0805_jumper,,Matsushita,ERJ6GEY0R00V,DIGI,P0.0ADKR-ND,,,,,,,,,,,,,
W103,TEST,SM0805_jumper,,Matsushita,ERJ6GEY0R00V,DIGI,P0.0ADKR-ND,,,,,,,,,,,,,
W102,TEST,SM0805_jumper,,Matsushita,ERJ6GEY0R00V,DIGI,P0.0ADKR-ND,,,,,,,,,,,,,
P51,CONN_1,SIL-1,,DO NOT POPULATE,DNP,DO NOT POPULATE,DNP,,,,,,,,,,,,,
P52,CONN_1,SIL-1,,DO NOT POPULATE,DNP,DO NOT POPULATE,DNP,,,,,,,,,,,,,
C603,0.1uF,SM0805,,AVX,08055C104KAT2A,DIGI,478-1395-1-ND,,,,,,,,,,,,,
LD606,LED-blu,LED-0805,,LITE-ON,LTST-C170TBKT,DIGI,160-1579-1-ND,,,,,,,,,,,,,
R611,2700,SM0805,,PANASONIC,ERJ-6ENF2701V,DIGI,P2.70KCCT-ND,,,,,,,,,,,,,
R612,100,SM0805,,PANASONIC,ERJ-6ENF1000V,DIGI,P100CTR-ND,,,,,,,,,,,,,
R610,2700,SM0805,,PANASONIC,ERJ-6ENF2701V,DIGI,P2.70KCCT-ND,,,,,,,,,,,,,
R609,100,SM0805,,PANASONIC,ERJ-6ENF1000V,DIGI,P100CTR-ND,,,,,,,,,,,,,
LD605,LED-blu,LED-0805,,LITE-ON,LTST-C170TBKT,DIGI,160-1579-1-ND,,,,,,,,,,,,,
R606,2700,SM0805,,PANASONIC,ERJ-6ENF2701V,DIGI,P2.70KCCT-ND,,,,,,,,,,,,,
R605,100,SM0805,,PANASONIC,ERJ-6ENF1000V,DIGI,P100CTR-ND,,,,,,,,,,,,,
R602,2700,SM0805,,PANASONIC,ERJ-6ENF2701V,DIGI,P2.70KCCT-ND,,,,,,,,,,,,,
R601,100,SM0805,,PANASONIC,ERJ-6ENF1000V,DIGI,P100CTR-ND,,,,,,,,,,,,,
LD602,LED-blu,LED-0805,,LITE-ON,LTST-C170TBKT,DIGI,160-1579-1-ND,,,,,,,,,,,,,
LD601,LED-blu,LED-0805,,LITE-ON,LTST-C170TBKT,DIGI,160-1579-1-ND,,,,,,,,,,,,,
LD604,LED-blu,LED-0805,,LITE-ON,LTST-C170TBKT,DIGI,160-1579-1-ND,,,,,,,,,,,,,
LD603,LED-blu,LED-0805,,LITE-ON,LTST-C170TBKT,DIGI,160-1579-1-ND,,,,,,,,,,,,,
R607,2700,SM0805,,PANASONIC,ERJ-6ENF2701V,DIGI,P2.70KCCT-ND,,,,,,,,,,,,,
R608,100,SM0805,,PANASONIC,ERJ-6ENF1000V,DIGI,P100CTR-ND,,,,,,,,,,,,,
R603,2700,SM0805,,PANASONIC,ERJ-6ENF2701V,DIGI,P2.70KCCT-ND,,,,,,,,,,,,,
R604,100,SM0805,,PANASONIC,ERJ-6ENF1000V,DIGI,P100CTR-ND,,,,,,,,,,,,,
C602,0.1uF,SM0805,,AVX,08055C104KAT2A,DIGI,478-1395-1-ND,,,,,,,,,,,,,
C601,0.1uF,SM0805,,AVX,08055C104KAT2A,DIGI,478-1395-1-ND,,,,,,,,,,,,,
U601,TC4427,SOIC8-DFN,,MICROCHIP,TC4427AVOA,MOUSER,579-TC4427AVOA,,,,,,,,,,,,,
U602,TC4427,SOIC8-DFN,,MICROCHIP,TC4427AVOA,MOUSER,579-TC4427AVOA,,,,,,,,,,,,,
U603,TC4427,SOIC8-DFN,,MICROCHIP,TC4427AVOA,MOUSER,579-TC4427AVOA,,,,,,,,,,,,,
P605,CONN_3,PIN_ARRAY_3X1,
P606,CONN_3,PIN_ARRAY_3X1,
C604,0.1uF,SM0805,,AVX,08055C104KAT2A,DIGI,478-1395-1-ND,,,,,,,,,,,,,
LD608,LED-blu,LED-0805,,LITE-ON,LTST-C170TBKT,DIGI,160-1579-1-ND,,,,,,,,,,,,,
R615,2700,SM0805,,PANASONIC,ERJ-6ENF2701V,DIGI,P2.70KCCT-ND,,,,,,,,,,,,,
R616,100,SM0805,,PANASONIC,ERJ-6ENF1000V,DIGI,P100CTR-ND,,,,,,,,,,,,,
R614,2700,SM0805,,PANASONIC,ERJ-6ENF2701V,DIGI,P2.70KCCT-ND,,,,,,,,,,,,,
R613,100,SM0805,,PANASONIC,ERJ-6ENF1000V,DIGI,P100CTR-ND,,,,,,,,,,,,,
LD607,LED-blu,LED-0805,,LITE-ON,LTST-C170TBKT,DIGI,160-1579-1-ND,,,,,,,,,,,,,
U604,TC4427,SOIC8-DFN,,MICROCHIP,TC4427AVOA,MOUSER,579-TC4427AVOA,,,,,,,,,,,,,
P607,CONN_3,PIN_ARRAY_3X1,
P604,CONN_3,PIN_ARRAY_3X1,
R618,1K,SM0805,,Panasonic,ERA-6AEB102V,DIGI,P1.0KDACT-ND,,,,,,,,,,,,,
R617,20R,SM0805,,Panasonic,ECG ERJ-6ENF20R0V,DIGI,ERJ-6ENF20R0V,,,,,,,,,,,,,
R620,1K,SM0805,,Panasonic,ERA-6AEB102V,DIGI,P1.0KDACT-ND,,,,,,,,,,,,,
R619,20R,SM0805,,Panasonic,ECG ERJ-6ENF20R0V,DIGI,ERJ-6ENF20R0V,,,,,,,,,,,,,
R622,1K,SM0805,,Panasonic,ERA-6AEB102V,DIGI,P1.0KDACT-ND,,,,,,,,,,,,,
R621,20R,SM0805,,Panasonic,ECG ERJ-6ENF20R0V,DIGI,ERJ-6ENF20R0V,,,,,,,,,,,,,
R624,1K,SM0805,,Panasonic,ERA-6AEB102V,DIGI,P1.0KDACT-ND,,,,,,,,,,,,,
R623,20R,SM0805,,Panasonic,ECG ERJ-6ENF20R0V,DIGI,ERJ-6ENF20R0V,,,,,,,,,,,,,
R626,1K,SM0805,,Panasonic,ERA-6AEB102V,DIGI,P1.0KDACT-ND,,,,,,,,,,,,,
R625,20R,SM0805,,Panasonic,ECG ERJ-6ENF20R0V,DIGI,ERJ-6ENF20R0V,,,,,,,,,,,,,
R628,1K,SM0805,,Panasonic,ERA-6AEB102V,DIGI,P1.0KDACT-ND,,,,,,,,,,,,,
R627,20R,SM0805,,Panasonic,ECG ERJ-6ENF20R0V,DIGI,ERJ-6ENF20R0V,,,,,,,,,,,,,
R630,1K,SM0805,,Panasonic,ERA-6AEB102V,DIGI,P1.0KDACT-ND,,,,,,,,,,,,,
R629,20R,SM0805,,Panasonic,ECG ERJ-6ENF20R0V,DIGI,ERJ-6ENF20R0V,,,,,,,,,,,,,
R632,1K,SM0805,,Panasonic,ERA-6AEB102V,DIGI,P1.0KDACT-ND,,,,,,,,,,,,,
R631,20R,SM0805,,Panasonic,ECG ERJ-6ENF20R0V,DIGI,ERJ-6ENF20R0V,,,,,,,,,,,,,
R215,1500 .1%,SM0805,,,,,,ECG,ERA6AEB152V,DIGI,P1.5KDADKR-ND,,,,,,,,,
R214,1500 .1%,SM0805,,,,,,ECG,ERA6AEB152V,DIGI,P1.5KDADKR-ND,,,,,,,,,
R211,dnp,SM0805,,,,,,dnp,dnp,dnp,dnp,,,,,,,,,
R221,dnp,SM0805,,,,,,dnp,dnp,dnp,dnp,,,,,,,,,
R224,1500 .1%,SM0805,,,,,,ECG,ERA6AEB152V,DIGI,P1.5KDADKR-ND,,,,,,,,,
R225,1500 .1%,SM0805,,,,,,ECG,ERA6AEB152V,DIGI,P1.5KDADKR-ND,,,,,,,,,
C211,0.1uF,SM0805,,,,,,AVX,08055C104KAT2A,DIGI,478-1395-1-ND,,,,,,,,,
R213,100,SM0805,,,,,,PANASONIC,ERJ-6ENF1000V,DIGI,P100CTR-ND,,,,,,,,,
C210,0.01uF,SM0805,,,,,,AVX,08051C103JAT2A,DIGI,478-3745-6-ND,,,,,,,,,
R210,2700,SM0805,,,,,,PANASONIC,ERJ-6ENF2701V,DIGI,P2.70KCCT-ND,,,,,,,,,
R223,100,SM0805,,,,,,PANASONIC,ERJ-6ENF1000V,DIGI,P100CTR-ND,,,,,,,,,
C220,0.01uF,SM0805,,,,,,AVX,08051C103JAT2A,DIGI,478-3745-6-ND,,,,,,,,,
R220,2700,SM0805,,,,,,PANASONIC,ERJ-6ENF2701V,DIGI,P2.70KCCT-ND,,,,,,,,,
R235,1500 .1%,SM0805,,,,,,ECG,ERA6AEB152V,DIGI,P1.5KDADKR-ND,,,,,,,,,
R234,1500 .1%,SM0805,,,,,,ECG,ERA6AEB152V,DIGI,P1.5KDADKR-ND,,,,,,,,,
R231,500K,SM0805,,,,,,ECG,ERA6AEB4993V,DIGI,P499KDACT-ND,,,,,,,,,
R241,500K,SM0805,,,,,,ECG,ERA6AEB4993V,DIGI,P499KDACT-ND,,,,,,,,,
R244,1500 .1%,SM0805,,,,,,ECG,ERA6AEB152V,DIGI,P1.5KDADKR-ND,,,,,,,,,
R245,1500 .1%,SM0805,,,,,,ECG,ERA6AEB152V,DIGI,P1.5KDADKR-ND,,,,,,,,,
R233,100,SM0805,,,,,,PANASONIC,ERJ-6ENF1000V,DIGI,P100CTR-ND,,,,,,,,,
C230,0.01uF,SM0805,,,,,,AVX,08051C103JAT2A,DIGI,478-3745-6-ND,,,,,,,,,
R230,dnp,SM0805,,,,,,dnp,dnp,dnp,dnp,,,,,,,,,
R243,100,SM0805,,,,,,PANASONIC,ERJ-6ENF1000V,DIGI,P100CTR-ND,,,,,,,,,
C240,0.01uF,SM0805,,,,,,AVX,08051C103JAT2A,DIGI,478-3745-6-ND,,,,,,,,,
R240,dnp,SM0805,,,,,,dnp,dnp,dnp,dnp,,,,,,,,,
R275,1500 .1%,SM0805,,,,,,ECG,ERA6AEB152V,DIGI,P1.5KDADKR-ND,,,,,,,,,
R274,1500 .1%,SM0805,,,,,,ECG,ERA6AEB152V,DIGI,P1.5KDADKR-ND,,,,,,,,,
R271,500K,SM0805,,,,,,ECG,ERA6AEB4993V,DIGI,P499KDACT-ND,,,,,,,,,
R281,dnp,SM0805,,,,,,dnp,dnp,dnp,dnp,,,,,,,,,
R284,1500 .1%,SM0805,,,,,,ECG,ERA6AEB152V,DIGI,P1.5KDADKR-ND,,,,,,,,,
R285,1500 .1%,SM0805,,,,,,ECG,ERA6AEB152V,DIGI,P1.5KDADKR-ND,,,,,,,,,
R273,100,SM0805,,,,,,PANASONIC,ERJ-6ENF1000V,DIGI,P100CTR-ND,,,,,,,,,
C270,0.01uF,SM0805,,,,,,AVX,08051C103JAT2A,DIGI,478-3745-6-ND,,,,,,,,,
R270,dnp,SM0805,,,,,,dnp,dnp,dnp,dnp,,,,,,,,,
R283,100,SM0805,,,,,,PANASONIC,ERJ-6ENF1000V,DIGI,P100CTR-ND,,,,,,,,,
C280,0.01uF,SM0805,,,,,,AVX,08051C103JAT2A,DIGI,478-3745-6-ND,,,,,,,,,
R255,1500 .1%,SM0805,,,,,,ECG,ERA6AEB152V,DIGI,P1.5KDADKR-ND,,,,,,,,,
R254,1500 .1%,SM0805,,,,,,ECG,ERA6AEB152V,DIGI,P1.5KDADKR-ND,,,,,,,,,
R251,500K,SM0805,,,,,,ECG,ERA6AEB4993V,DIGI,P499KDACT-ND,,,,,,,,,
R261,dnp,SM0805,,,,,,dnp,dnp,dnp,dnp,,,,,,,,,
R264,1500 .1%,SM0805,,,,,,ECG,ERA6AEB152V,DIGI,P1.5KDADKR-ND,,,,,,,,,
R265,1500 .1%,SM0805,,,,,,ECG,ERA6AEB152V,DIGI,P1.5KDADKR-ND,,,,,,,,,
C251,0.1uF,SM0805,,,,,,AVX,08055C104KAT2A,DIGI,478-1395-1-ND,,,,,,,,,
R253,100,SM0805,,,,,,PANASONIC,ERJ-6ENF1000V,DIGI,P100CTR-ND,,,,,,,,,
C250,0.01uF,SM0805,,,,,,AVX,08051C103JAT2A,DIGI,478-3745-6-ND,,,,,,,,,
R250,dnp,SM0805,,,,,,dnp,dnp,dnp,dnp,,,,,,,,,
R263,100,SM0805,,,,,,PANASONIC,ERJ-6ENF1000V,DIGI,P100CTR-ND,,,,,,,,,
C260,0.01uF,SM0805,,,,,,AVX,08051C103JAT2A,DIGI,478-3745-6-ND,,,,,,,,,
D230,DOUBLE_SCHOTTKY,sot23,,,,,,st,BAS70-04FILM,DIGI,497-2516-1-ND,,,,,,,,,
D240,DOUBLE_SCHOTTKY,sot23,,,,,,st,BAS70-04FILM,DIGI,497-2516-1-ND,,,,,,,,,
D220,DOUBLE_SCHOTTKY,sot23,,,,,,st,BAS70-04FILM,DIGI,497-2516-1-ND,,,,,,,,,
D210,DOUBLE_SCHOTTKY,sot23,,,,,,st,BAS70-04FILM,DIGI,497-2516-1-ND,,,,,,,,,
R295,1500 .1%,SM0805,,,,,,ECG,ERA6AEB152V,DIGI,P1.5KDADKR-ND,,,,,,,,,
R294,1500 .1%,SM0805,,,,,,ECG,ERA6AEB152V,DIGI,P1.5KDADKR-ND,,,,,,,,,
R291,dnp,SM0805,,,,,,dnp,dnp,dnp,dnp,,,,,,,,,
R301,dnp,SM0805,,,,,,dnp,dnp,dnp,dnp,,,,,,,,,
R304,1500 .1%,SM0805,,,,,,ECG,ERA6AEB152V,DIGI,P1.5KDADKR-ND,,,,,,,,,
R305,1500 .1%,SM0805,,,,,,ECG,ERA6AEB152V,DIGI,P1.5KDADKR-ND,,,,,,,,,
C291,0.1uF,SM0805,,,,,,AVX,08055C104KAT2A,DIGI,478-1395-1-ND,,,,,,,,,
R293,100,SM0805,,,,,,PANASONIC,ERJ-6ENF1000V,DIGI,P100CTR-ND,,,,,,,,,
C290,0.01uF,SM0805,,,,,,AVX,08051C103JAT2A,DIGI,478-3745-6-ND,,,,,,,,,
R290,1k,SM0805,,,,,,VISHAY,CRCW0805100KFKEA,DIGI,CRCW0805100KFKEA,,,,,,,,,
R303,100,SM0805,,,,,,PANASONIC,ERJ-6ENF1000V,DIGI,P100CTR-ND,,,,,,,,,
C300,0.01uF,SM0805,,,,,,AVX,08051C103JAT2A,DIGI,478-3745-6-ND,,,,,,,,,
D290,DOUBLE_SCHOTTKY,sot23,,,,,,st,BAS70-04FILM,DIGI,497-2516-1-ND,,,,,,,,,
D300,DOUBLE_SCHOTTKY,sot23,,,,,,st,BAS70-04FILM,DIGI,497-2516-1-ND,,,,,,,,,
R212,10k,SM0805,,,,,,BOURNS,CR0805-FX-1002ELF,DIGI,CR0805-FX-1002ELFCT-ND,,,,,,,,,
R222,10k,SM0805,,,,,,BOURNS,CR0805-FX-1002ELF,DIGI,CR0805-FX-1002ELFCT-ND,,,,,,,,,
D260,DOUBLE_SCHOTTKY,sot23,,,,,,st,BAS70-04FILM,DIGI,497-2516-1-ND,,,,,,,,,
D250,DOUBLE_SCHOTTKY,sot23,,,,,,st,BAS70-04FILM,DIGI,497-2516-1-ND,,,,,,,,,
R232,10k,SM0805,,,,,,BOURNS,CR0805-FX-1002ELF,DIGI,CR0805-FX-1002ELFCT-ND,,,,,,,,,
R242,10k,SM0805,,,,,,BOURNS,CR0805-FX-1002ELF,DIGI,CR0805-FX-1002ELFCT-ND,,,,,,,,,
R252,10k,SM0805,,,,,,BOURNS,CR0805-FX-1002ELF,DIGI,CR0805-FX-1002ELFCT-ND,,,,,,,,,
R262,10k,SM0805,,,,,,BOURNS,CR0805-FX-1002ELF,DIGI,CR0805-FX-1002ELFCT-ND,,,,,,,,,
R302,10k,SM0805,,,,,,BOURNS,CR0805-FX-1002ELF,DIGI,CR0805-FX-1002ELFCT-ND,,,,,,,,,
R292,10k,SM0805,,,,,,BOURNS,CR0805-FX-1002ELF,DIGI,CR0805-FX-1002ELFCT-ND,,,,,,,,,
D280,DOUBLE_SCHOTTKY,sot23,,,,,,st,BAS70-04FILM,DIGI,497-2516-1-ND,,,,,,,,,
D270,DOUBLE_SCHOTTKY,sot23,,,,,,st,BAS70-04FILM,DIGI,497-2516-1-ND,,,,,,,,,
R282,10k,SM0805,,,,,,BOURNS,CR0805-FX-1002ELF,DIGI,CR0805-FX-1002ELFCT-ND,,,,,,,,,
R272,10k,SM0805,,,,,,BOURNS,CR0805-FX-1002ELF,DIGI,CR0805-FX-1002ELFCT-ND,,,,,,,,,
U201,MCP6004,SO14N,,,,,,microchip,MCP6004-E/SL,DIGI,microchip,MCP6004-E/SL-ND,,,,,,,,,
U202,MCP6004,SO14N,,,,,,microchip,MCP6004-E/SL,DIGI,microchip,MCP6004-E/SL-ND,,,,,,,,,
U203,MCP6004,SO14N,,,,,,microchip,MCP6004-E/SL,DIGI,microchip,MCP6004-E/SL-ND,,,,,,,,,
R315,1500 .1%,SM0805,,,,,,ECG,ERA6AEB152V,DIGI,P1.5KDADKR-ND,,,,,,,,,
R314,1500 .1%,SM0805,,,,,,ECG,ERA6AEB152V,DIGI,P1.5KDADKR-ND,,,,,,,,,
R311,dnp,SM0805,,,,,,dnp,dnp,dnp,dnp,,,,,,,,,
R321,10k 1%,SM0805,,,,,,BOURNS,CR0805-FX-1002ELF,DIGI,CR0805-FX-1002ELFCT-ND,,,,,,,,,
R324,1500 .1%,SM0805,,,,,,ECG,ERA6AEB152V,DIGI,P1.5KDADKR-ND,,,,,,,,,
R325,1500 .1%,SM0805,,,,,,ECG,ERA6AEB152V,DIGI,P1.5KDADKR-ND,,,,,,,,,
R313,100,SM0805,,,,,,PANASONIC,ERJ-6ENF1000V,DIGI,P100CTR-ND,,,,,,,,,
C310,0.01uF,SM0805,,,,,,AVX,08051C103JAT2A,DIGI,478-3745-6-ND,,,,,,,,,
R323,100,SM0805,,,,,,PANASONIC,ERJ-6ENF1000V,DIGI,P100CTR-ND,,,,,,,,,
C320,0.1uF,SM0805,,,,,,AVX,08055C104KAT2A,DIGI,478-1395-1-ND,,,,,,,,,
R320,39k 0.1%,SM0805,,,,,,ECG,ERA6AEB393V,DIGI,P39KDACT-ND,,,,,,,,,
D310,DOUBLE_SCHOTTKY,sot23,,,,,,st,BAS70-04FILM,DIGI,497-2516-1-ND,,,,,,,,,
D320,DOUBLE_SCHOTTKY,sot23,,,,,,st,BAS70-04FILM,DIGI,497-2516-1-ND,,,,,,,,,
R322,10k,SM0805,,,,,,BOURNS,CR0805-FX-1002ELF,DIGI,CR0805-FX-1002ELFCT-ND,,,,,,,,,
R312,10k,SM0805,,,,,,BOURNS,CR0805-FX-1002ELF,DIGI,CR0805-FX-1002ELFCT-ND,,,,,,,,,
JP9,TEST-AN,SIL-2,,,,dnp,dnp,dnp,dnp,,,,,,,,,,,
JP11,TEST-AN,SIL-2,,,,dnp,dnp,dnp,dnp,,,,,,,,,,,
R260,10k,SM0805,,,,,,BOURNS,CR0805-FX-1002ELF,DIGI,CR0805-FX-1002ELFCT-ND,,,,,,,,,
R280,10k,SM0805,,,,,,BOURNS,CR0805-FX-1002ELF,DIGI,CR0805-FX-1002ELFCT-ND,,,,,,,,,
R300,10k,SM0805,,,,,,BOURNS,CR0805-FX-1002ELF,DIGI,CR0805-FX-1002ELFCT-ND,,,,,,,,,
R310,1k,SM0805,,,,,,VISHAY,CRCW0805100KFKEA,DIGI,CRCW0805100KFKEA,,,,,,,,,
C472,4.7uF,SM0805,,TDK,CGA4J3X5R1H475K125AB,DIGI,445-7882-6-ND,,,,,,,,,,,,,
C471,0.1uF,SM0805,,AVX,08055C104KAT2A,DIGI,478-1395-1-ND,,,,,,,,,,,,,
R472,10k,SM0805,,BOURNS,CR0805-FX-1002ELF,DIGI,CR0805-FX-1002ELFCT-ND,,,,,,,,,,,,,
U471,SN65HVD230,SO8E,,TI,SN65HVD230QD,DIGI,296-13123-5-ND,,,,,,,,,,,,,
R473,120,SM0805,,ECG,ERA6AEB121V,DIGI,P120DACT-ND,,,,,,,,,,,,,
JP471,JUMPER,JUMPER-2,,JUMPER-WIRE,0R,JUMPER-WIRE,0R,,,,,,,,,,,,,
P401,CONN_4,SIL-4,
U161,TPIC8101,SO20L,,TI,TPIC8101DW,DIGI,296-34575-5-ND,,,,,,,,,,,,,
C165,0.1uF,SM0805,,avx,08055C104KAT2A,DIGI,478-1395-1-ND,,,,,,,,,,,,,
C166,24pF,SM0805,,johnson,251R15S240JV4E,DIGI,712-1383-1-ND,,,,,,,,,,,,,
C168,.022uF,SM0805,,Murata,GRM21B5C1H223JA01L,DIGI,490-1644-1-ND,,,,,,,,,,,,,
R170,5K,SM0805,,STACKPOLE,RNCP0805FTD4K99,DIGI,RNCP0805FTD4K99CT-ND,,,,,,,,,,,,,
P165,CONN_2,PIN_ARRAY_2X1,,do not populate,DNP,do not populate,DNP,,,,,,,,,,,,,
P166,CONN_2,PIN_ARRAY_2X1,,do not populate,DNP,do not populate,DNP,,,,,,,,,,,,,
X161,8MHz,HC-49V,,CTS,ATS08A-E,DIGI,CTX1054-ND,,,,,,,,,,,,,
R162,1M-DNP,SM0805,,DNP,DNP,DNP,DNP,,,,,,,,,,,,,
R166,2M,SM0805,,vishay,CRCW08052M00FKEA,DIGI,541-2.00MCCT-ND,,,,,,,,,,,,,
R164,39k,SM0805,,ECG,ERA6AEB393V,DIGI,P39KDACT-ND,,,,,,,,,,,,,
R175,10k,SM0805,,BOURNS,CR0805-FX-1002ELF,DIGI,CR0805-FX-1002ELFCT-ND,,,,,,,,,,,,,
R176,10k,SM0805,,BOURNS,CR0805-FX-1002ELF,DIGI,CR0805-FX-1002ELFCT-ND,,,,,,,,,,,,,
C163,3300pF,SM0805,,Murata,GRM2165C1H332JA01D,DIGI,490-1632-1-ND,,,,,,,,,,,,,
R171,DNP,SM0805,,DNP,DNP,DNP,DNP,,,,,,,,,,,,,
C501,4.7uF,SM0805,,TDK,CGA4J3X5R1H475K125AB,DIGI,445-7882-6-ND,,,,,,,,,,,,,
R177,820R,SM0805,,vishay,CRCW0805820RJNEA,DIGI,541-820ACT-ND,,,,,,,,,,,,,
C167,24pF,SM0805,,johnson,251R15S240JV4E,DIGI,712-1383-1-ND,,,,,,,,,,,,,
C169,DNP,SM0805,,DNP,DNP,DNP,DNP,,,,,,,,,,,,,
R161,1M-DNP,SM0805,,DNP,DNP,DNP,DNP,,,,,,,,,,,,,
R163,39k,SM0805,,ECG,ERA6AEB393V,DIGI,P39KDACT-ND,,,,,,,,,,,,,
C162,3300pF,SM0805,,Murata,GRM2165C1H332JA01D,DIGI,490-1632-1-ND,,,,,,,,,,,,,
R172,DNP,SM0805,,DNP,DNP,DNP,DNP,,,,,,,,,,,,,
R173,DNP,SM0805,,DNP,DNP,DNP,DNP,,,,,,,,,,,,,
R174,DNP,SM0805,,DNP,DNP,DNP,DNP,,,,,,,,,,,,,
R167,39k,SM0805,,ECG,ERA6AEB393V,DIGI,P39KDACT-ND,,,,,,,,,,,,,
R168,39k,SM0805,,ECG,ERA6AEB393V,DIGI,P39KDACT-ND,,,,,,,,,,,,,
Q407,OVP_DRIVER,SO8E_ST,,ST,VNS14NV04P-E,DIGI,VNS14NV04PTR-E-ND,,,,,MOUSER,511-VNS14NV04PTR-E,,,,,,,,
Q408,OVP_DRIVER,SO8E_ST,,ST,VNS14NV04P-E,DIGI,VNS14NV04PTR-E-ND,,,,,MOUSER,511-VNS14NV04PTR-E,,,,,,,,
R417,1K,SM0805,,Panasonic,ERA-6AEB102V,DIGI,P1.0KDACT-ND,,,,,,,,,,,,,
R416,1K,SM0805,,Panasonic,ERA-6AEB102V,DIGI,P1.0KDACT-ND,,,,,,,,,,,,,
Q409,OVP_DRIVER,SO8E_ST,,ST,VNS14NV04P-E,DIGI,VNS14NV04PTR-E-ND,,,,,MOUSER,511-VNS14NV04PTR-E,,,,,,,,
Q410,OVP_DRIVER,SO8E_ST,,ST,VNS14NV04P-E,DIGI,VNS14NV04PTR-E-ND,,,,,MOUSER,511-VNS14NV04PTR-E,,,,,,,,
R421,1K,SM0805,,Panasonic,ERA-6AEB102V,DIGI,P1.0KDACT-ND,,,,,,,,,,,,,
R420,1K,SM0805,,Panasonic,ERA-6AEB102V,DIGI,P1.0KDACT-ND,,,,,,,,,,,,,
R424,1K,SM0805,,Panasonic,ERA-6AEB102V,DIGI,P1.0KDACT-ND,,,,,,,,,,,,,
R425,1K,SM0805,,Panasonic,ERA-6AEB102V,DIGI,P1.0KDACT-ND,,,,,,,,,,,,,
Q412,OVP_DRIVER,SO8E_ST,,ST,VNS14NV04P-E,DIGI,VNS14NV04PTR-E-ND,,,,,MOUSER,511-VNS14NV04PTR-E,,,,,,,,
Q411,OVP_DRIVER,SO8E_ST,,ST,VNS14NV04P-E,DIGI,VNS14NV04PTR-E-ND,,,,,MOUSER,511-VNS14NV04PTR-E,,,,,,,,
D413,DIODE,SOD-123,,on semi,BAT54T1G,DIGI,BAT54T1GOSCT-ND,,,,,,,,,,,,,
R427,1K,SM0805,,Panasonic,ERA-6AEB102V,DIGI,P1.0KDACT-ND,,,,,,,,,,,,,
R401,OPT,SIL-2,,DNP,DNP,DNP,DNP,,,,,,,,,,,,,
R402,0R,SIL-2,,0R,jumperwire,0R,jumperwire,,,,,,,,,,,,,
R415,20R,SM0805,,Panasonic,ECG ERJ-6ENF20R0V,DIGI,ERJ-6ENF20R0V,,,,,,,,,,,,,
R418,20R,SM0805,,Panasonic,ECG ERJ-6ENF20R0V,DIGI,ERJ-6ENF20R0V,,,,,,,,,,,,,
R419,20R,SM0805,,Panasonic,ECG ERJ-6ENF20R0V,DIGI,ERJ-6ENF20R0V,,,,,,,,,,,,,
R422,20R,SM0805,,Panasonic,ECG ERJ-6ENF20R0V,DIGI,ERJ-6ENF20R0V,,,,,,,,,,,,,
R423,20R,SM0805,,Panasonic,ECG ERJ-6ENF20R0V,DIGI,ERJ-6ENF20R0V,,,,,,,,,,,,,
R426,20R,SM0805,,Panasonic,ECG ERJ-6ENF20R0V,DIGI,ERJ-6ENF20R0V,,,,,,,,,,,,,
Q401,OVP_DRIVER,SO8E_ST,,ST,VNS14NV04P-E,DIGI,VNS14NV04PTR-E-ND,,,,,MOUSER,511-VNS14NV04PTR-E,,,,,,,,
Q402,OVP_DRIVER,SO8E_ST,,ST,VNS14NV04P-E,DIGI,VNS14NV04PTR-E-ND,,,,,MOUSER,511-VNS14NV04PTR-E,,,,,,,,
R405,1K,SM0805,,Panasonic,ERA-6AEB102V,DIGI,P1.0KDACT-ND,,,,,,,,,,,,,
R404,1K,SM0805,,Panasonic,ERA-6AEB102V,DIGI,P1.0KDACT-ND,,,,,,,,,,,,,
Q403,OVP_DRIVER,SO8E_ST,,ST,VNS14NV04P-E,DIGI,VNS14NV04PTR-E-ND,,,,,MOUSER,511-VNS14NV04PTR-E,,,,,,,,
Q404,OVP_DRIVER,SO8E_ST,,ST,VNS14NV04P-E,DIGI,VNS14NV04PTR-E-ND,,,,,MOUSER,511-VNS14NV04PTR-E,,,,,,,,
R409,1K,SM0805,,Panasonic,ERA-6AEB102V,DIGI,P1.0KDACT-ND,,,,,,,,,,,,,
R408,1K,SM0805,,Panasonic,ERA-6AEB102V,DIGI,P1.0KDACT-ND,,,,,,,,,,,,,
R412,1K,SM0805,,Panasonic,ERA-6AEB102V,DIGI,P1.0KDACT-ND,,,,,,,,,,,,,
R413,1K,SM0805,,Panasonic,ERA-6AEB102V,DIGI,P1.0KDACT-ND,,,,,,,,,,,,,
Q406,OVP_DRIVER,SO8E_ST,,ST,VNS14NV04P-E,DIGI,VNS14NV04PTR-E-ND,,,,,MOUSER,511-VNS14NV04PTR-E,,,,,,,,
Q405,OVP_DRIVER,SO8E_ST,,ST,VNS14NV04P-E,DIGI,VNS14NV04PTR-E-ND,,,,,MOUSER,511-VNS14NV04PTR-E,,,,,,,,
R403,20R,SM0805,,Panasonic,ECG ERJ-6ENF20R0V,DIGI,ERJ-6ENF20R0V,,,,,,,,,,,,,
R406,20R,SM0805,,Panasonic,ECG ERJ-6ENF20R0V,DIGI,ERJ-6ENF20R0V,,,,,,,,,,,,,
R407,20R,SM0805,,Panasonic,ECG ERJ-6ENF20R0V,DIGI,ERJ-6ENF20R0V,,,,,,,,,,,,,
R410,20R,SM0805,,Panasonic,ECG ERJ-6ENF20R0V,DIGI,ERJ-6ENF20R0V,,,,,,,,,,,,,
R411,20R,SM0805,,Panasonic,ECG ERJ-6ENF20R0V,DIGI,ERJ-6ENF20R0V,,,,,,,,,,,,,
R414,20R,SM0805,,Panasonic,ECG ERJ-6ENF20R0V,DIGI,ERJ-6ENF20R0V,,,,,,,,,,,,,
D414,LED-red,LED-0805_A,,lite-on,LTST-C171KRKT,DIGI,160-1427-1-ND,,,,,,,,,,,,,
D416,DIODE,SOD-123,,on semi,BAT54T1G,DIGI,BAT54T1GOSCT-ND,,,,,,,,,,,,,
D415,LED-red,LED-0805_A,,lite-on,LTST-C171KRKT,DIGI,160-1427-1-ND,,,,,,,,,,,,,
R438,1K,SM0805,,Panasonic,ERA-6AEB102V,DIGI,P1.0KDACT-ND,,,,,,,,,,,,,
D418,DIODE,SOD-123,,on semi,BAT54T1G,DIGI,BAT54T1GOSCT-ND,,,,,,,,,,,,,
D417,LED-red,LED-0805_A,,lite-on,LTST-C171KRKT,DIGI,160-1427-1-ND,,,,,,,,,,,,,
R428,1K,SM0805,,Panasonic,ERA-6AEB102V,DIGI,P1.0KDACT-ND,,,,,,,,,,,,,
D420,DIODE,SOD-123,,on semi,BAT54T1G,DIGI,BAT54T1GOSCT-ND,,,,,,,,,,,,,
D419,LED-red,LED-0805_A,,lite-on,LTST-C171KRKT,DIGI,160-1427-1-ND,,,,,,,,,,,,,
R429,1K,SM0805,,Panasonic,ERA-6AEB102V,DIGI,P1.0KDACT-ND,,,,,,,,,,,,,
D422,DIODE,SOD-123,,on semi,BAT54T1G,DIGI,BAT54T1GOSCT-ND,,,,,,,,,,,,,
D421,LED-red,LED-0805_A,,lite-on,LTST-C171KRKT,DIGI,160-1427-1-ND,,,,,,,,,,,,,
R430,1K,SM0805,,Panasonic,ERA-6AEB102V,DIGI,P1.0KDACT-ND,,,,,,,,,,,,,
D424,DIODE,SOD-123,,on semi,BAT54T1G,DIGI,BAT54T1GOSCT-ND,,,,,,,,,,,,,
D423,LED-red,LED-0805_A,,lite-on,LTST-C171KRKT,DIGI,160-1427-1-ND,,,,,,,,,,,,,
R431,1K,SM0805,,Panasonic,ERA-6AEB102V,DIGI,P1.0KDACT-ND,,,,,,,,,,,,,
D426,DIODE,SOD-123,,on semi,BAT54T1G,DIGI,BAT54T1GOSCT-ND,,,,,,,,,,,,,
D425,LED-red,LED-0805_A,,lite-on,LTST-C171KRKT,DIGI,160-1427-1-ND,,,,,,,,,,,,,
R432,1K,SM0805,,Panasonic,ERA-6AEB102V,DIGI,P1.0KDACT-ND,,,,,,,,,,,,,
D428,DIODE,SOD-123,,on semi,BAT54T1G,DIGI,BAT54T1GOSCT-ND,,,,,,,,,,,,,
D427,LED-red,LED-0805_A,,lite-on,LTST-C171KRKT,DIGI,160-1427-1-ND,,,,,,,,,,,,,
R433,1K,SM0805,,Panasonic,ERA-6AEB102V,DIGI,P1.0KDACT-ND,,,,,,,,,,,,,
D430,DIODE,SOD-123,,on semi,BAT54T1G,DIGI,BAT54T1GOSCT-ND,,,,,,,,,,,,,
D429,LED-red,LED-0805_A,,lite-on,LTST-C171KRKT,DIGI,160-1427-1-ND,,,,,,,,,,,,,
R434,1K,SM0805,,Panasonic,ERA-6AEB102V,DIGI,P1.0KDACT-ND,,,,,,,,,,,,,
D432,DIODE,SOD-123,,on semi,BAT54T1G,DIGI,BAT54T1GOSCT-ND,,,,,,,,,,,,,
D431,LED-red,LED-0805_A,,lite-on,LTST-C171KRKT,DIGI,160-1427-1-ND,,,,,,,,,,,,,
R435,1K,SM0805,,Panasonic,ERA-6AEB102V,DIGI,P1.0KDACT-ND,,,,,,,,,,,,,
D434,DIODE,SOD-123,,on semi,BAT54T1G,DIGI,BAT54T1GOSCT-ND,,,,,,,,,,,,,
D433,LED-red,LED-0805_A,,lite-on,LTST-C171KRKT,DIGI,160-1427-1-ND,,,,,,,,,,,,,
R436,1K,SM0805,,Panasonic,ERA-6AEB102V,DIGI,P1.0KDACT-ND,,,,,,,,,,,,,
D436,DIODE,SOD-123,,on semi,BAT54T1G,DIGI,BAT54T1GOSCT-ND,,,,,,,,,,,,,
D435,LED-red,LED-0805_A,,lite-on,LTST-C171KRKT,DIGI,160-1427-1-ND,,,,,,,,,,,,,
R437,1K,SM0805,,Panasonic,ERA-6AEB102V,DIGI,P1.0KDACT-ND,,,,,,,,,,,,,
C354,4.7uF,SM0805,,TDK,CGA4J3X5R1H475K125AB,DIGI,445-7882-6-ND,,,,,,,,,,,,,
R352,1k,SM0805,,Panasonic,ERA-6AEB102V,DIGI,P1.0KDACT-ND,,,,,,,,,,,,,
C355,0.1uF,SM0805,,AVX,08055C104KAT2A,DIGI,478-1395-1-ND,,,,,,,,,,,,,
C356,0.1uF,SM0805,,AVX,08055C104KAT2A,DIGI,478-1395-1-ND,,,,,,,,,,,,,
C351,4700pF,SM0805,,AVX,08055C472KAT2A,DIGI,478-1379-2-ND,,,,,,,,,,,,,
R351,1M,SM0805,,ECG,ERA-6AEB105V,DIGI,P1MDACT-ND,,,,,,,,,,,,,
U351,FT232RL,ssop-28,,ftdi,FT232RL,DIGI,768-1007-2-ND,,,,,,,,,,,,,
C352,47pF,SM0805,,AVX,08051A470JAT2A,DIGI,478-1282-1-ND,,,,,,,,,,,,,
C353,47pF,SM0805,,AVX,08051A470JAT2A,DIGI,478-1282-1-ND,,,,,,,,,,,,,
P352,MICRO-SDCARD-CONNECTOR-3300060P1,MICRO-SDCARD-CONNECTOR-3300060P1,,,,,,,,seeed,3300060P1,,,,,,,,
C358,4.7uF,SM0805,,TDK,CGA4J3X5R1H475K125AB,DIGI,445-7882-6-ND,,,,,,,,,,,,,
C357,0.1uF,SM0805,,AVX,08055C104KAT2A,DIGI,478-1395-1-ND,,,,,,,,,,,,,
J351,MINI-USB-5P-3400020P1,MINI-USB-5P-3400020P1,,JAE,DX2R005HN2E700,DIGI,670-1190-1-ND,,,,,,,,,,,,,
D351,LED-grn,LED-0805_A,,lite-on,LTST-C171GKT,DIGI,160-1423-1-ND,,,,,,,,,,,,,
J352,MINI-USB-5P-3400020P1V,MINI-USB_RCTP_V-T_B,,TE,1734753-1,DIGI,A107790-ND,,,,,,,,,,,,,
R702,1k,SM0805,,Panasonic,ERA-6AEB102V,DIGI,P1.0KDACT-ND,,,,,,,,,,,,,
D702,LED-grn,LED-0805_A,,lite-on,LTST-C171GKT,DIGI,160-1423-1-ND,,,,,,,,,,,,,
R701,1k,SM0805,,Panasonic,ERA-6AEB102V,DIGI,P1.0KDACT-ND,,,,,,,,,,,,,
D701,LED-grn,LED-0805_A,,lite-on,LTST-C171GKT,DIGI,160-1423-1-ND,,,,,,,,,,,,,
C702,0.1uF,SM0805,,AVX,08055C104KAT2A,DIGI,478-1395-1-ND,,,,,,,,,,,,,
R703,1k,SM0805,,Panasonic,ERA-6AEB102V,DIGI,P1.0KDACT-ND,,,,,,,,,,,,,
C701,0.1uF,SM0805,,AVX,08055C104KAT2A,DIGI,478-1395-1-ND,,,,,,,,,,,,,
Q701,MOS_PRO,SOT23,,vishay,SI2323DS-T1-E3,DIGI,SI2323DS-T1-E3CT-ND,,,,,,,,,,,,,
FB701,FILTER,SM0805_jumper,,Murata,BLM21PG221SN1D,DIGI,490-1054-6-ND,,,,,,,,,,,,,
D703,DOUBLE_SCHOTTKY,sot23,,st,BAS70-04FILM,DIGI,497-2516-1-ND,,,,,,,,,,,,,
W701,TEST,SM0805_jumper,,DNP,DNP,DNP,DNP,,,,,,,,,,,,,
W702,TEST,SM0805,,DNP,DNP,DNP,DNP,,,,,,,,,,,,,
W703,TEST,SM0805,,DNP,DNP,DNP,DNP,,,,,,,,,,,,,
C104,0.1uF,SM0805,,AVX,08055C104KAT2A,DIGI,478-1395-1-ND,,,,,,,,,,,,,
R107,5k,SM0805,,STACKPOLE,RNCP0805FTD4K99,DIGI,RNCP0805FTD4K99CT-ND,,,,,,,,,,,,,
R102,5k,SM0805,,STACKPOLE,RNCP0805FTD4K99,DIGI,RNCP0805FTD4K99CT-ND,,,,,,,,,,,,,
R103,5k,SM0805,,STACKPOLE,RNCP0805FTD4K99,DIGI,RNCP0805FTD4K99CT-ND,,,,,,,,,,,,,
R108,5k,SM0805,,STACKPOLE,RNCP0805FTD4K99,DIGI,RNCP0805FTD4K99CT-ND,,,,,,,,,,,,,
R106,5k,SM0805,,STACKPOLE,RNCP0805FTD4K99,DIGI,RNCP0805FTD4K99CT-ND,,,,,,,,,,,,,
R104,5k,SM0805,,STACKPOLE,RNCP0805FTD4K99,DIGI,RNCP0805FTD4K99CT-ND,,,,,,,,,,,,,
R109,5k,SM0805,,STACKPOLE,RNCP0805FTD4K99,DIGI,RNCP0805FTD4K99CT-ND,,,,,,,,,,,,,
R110,5k,SM0805,,STACKPOLE,RNCP0805FTD4K99,DIGI,RNCP0805FTD4K99CT-ND,,,,,,,,,,,,,
R111,5k,SM0805,,STACKPOLE,RNCP0805FTD4K99,DIGI,RNCP0805FTD4K99CT-ND,,,,,,,,,,,,,
R112,5k,SM0805,,STACKPOLE,RNCP0805FTD4K99,DIGI,RNCP0805FTD4K99CT-ND,,,,,,,,,,,,,
U101,MAX9926/9927,maxim-10-QSOP16,,maxim,MAX9926UAEE+,DIGI,MAX9926UAEE+-ND,,,,,mouser,700-MAX9926UAEE,--,-,other,more,stuff,,,,,
R114,10k,SM0805,,BOURNS,CR0805-FX-1002ELF,DIGI,CR0805-FX-1002ELFCT-ND,,,,,,,,,,,,,
C102,1000pF,SM0805,,AVX,08052C102KAT2A ,DIGI,478-1339-1-ND,,,,,,,,,,,,,
C103,10uF,SM0805,,Murata,GRM21BR71A106KE51L,DIGI,490-3905-1-ND,,,,,,,,,10V,10%,multi layer ceramic,other,more,stuff,
C101,1000pF,SM0805,,AVX,08052C102KAT2A ,DIGI,478-1339-1-ND,,,,,,,,,,,,,
R113,10k,SM0805,,BOURNS,CR0805-FX-1002ELF,DIGI,CR0805-FX-1002ELFCT-ND,,,,,,,,,,,,,
W1003,JMP,SIL-2,,DNP,DNP,DNP,DNP,,,,,,,,,,,,,
W1002,JMP,SIL-2,,DNP,DNP,DNP,DNP,,,,,,,,,,,,,
R137,1K,SM0805,,Panasonic,ERA-6AEB102V,DIGI,P1.0KDACT-ND,,,,,,,,,,,,,
R141,1K,SM0805,,Panasonic,ERA-6AEB102V,DIGI,P1.0KDACT-ND,,,,,,,,,,,,,
R801,pdwn,SM0805,,DNP,DNP,DNP,DNP,,,,,,,,,,,,,
R802,pdwn,SM0805,,DNP,DNP,DNP,DNP,,,,,,,,,,,,,
D801,LED-red,LED-0805_A,,lite-on,LTST-C171KRKT,DIGI,160-1427-1-ND,,,,,,,,,,,,,
D802,LED-red,LED-0805_A,,lite-on,LTST-C171KRKT,DIGI,160-1427-1-ND,,,,,,,,,,,,,
P1002,CONN_1,SIL-1,,DO NOT POPULATE,DNP,DO NOT POPULATE,DNP,,,,,,,,,,,,,
C1001,330uF 35V,SMDSVP10,,unitedchem,EMVY350ADA331MJA0G,DIGI,565-2479-1-ND,,,,,,,,,,,,,
R1002,1k,SM0805,,Panasonic,ERA-6AEB102V,DIGI,P1.0KDACT-ND,,,,,,,,,,,,,
D1005,LED-grn,LED-0805,,lite-on,LTST-C171GKT,DIGI,160-1423-1-ND,,,,,,,,,,,,,
U1001,LM2596,DPAK5,,linear,2596-5.0,DIGI,LM2596S-5.0/NOPB-ND,,,,,sky-macau.com,6841999795,,,,,,,,
Q1001,20V,SOT23,,Vishay,SQ2301ES-T1-GE3,Newark,64T4128,,,,,Mouser,78-SQ2301ES-T1_GE3,,,,,,,,
R1001,39k,SM0805,,ECG,ERA6AEB393V,DIGI,P39KDACT-ND,,,,,,,,,,,,,
D1001,7.5V,SM1206,,diodesinc,BZT52C7V5-7-F,DIGI,BZT52C7V5-FDICT-ND,,,,,sky-macau.com,5633100308,,,,,,,,
F1001,1.5A,BladeFuse-Mini,,0R,jumperwire,0R,jumperwire,,,,,,,,,,,,,
D1006,DIODESCH,Diode_DO-41_SOD81_Vertical_AnodeUp,,ONSEMI,MR854G,,,,,digi,MR854GOS-ND,sky-macau.com,1438219496,,,,,,,,
C1002,220uF 16V,SM2512,,kemet,T491D227K016AT,DIGI,399-10429-1-ND,,,,,sky-macau.com,8702041755,,,,,,,,
C1003,220uF 16V,SM2512,,kemet,T491D227K016AT,DIGI,399-10429-1-ND,,,,,sky-macau.com,8702041755,,,,,,,,
P901,CONN_1,SIL-1,,,,dnp,dnp,dnp,dnp,,,,,,,,,,,
P902,CONN_1,SIL-1,,,,dnp,dnp,dnp,dnp,,,,,,,,,,,
Q1002,200V,m-pad-2.1-TO-263AB,,IXYS,IXTA6N50D2,digikey,IXTA6N50D2-ND,,,,,,,,,,,,,
D1002,14V,Diode_DO-41_SOD81_Vertical_AnodeUp,,FAIRCHILD,1N5244B,DIGI,1N5244B-ND,,,,, ,,,,,,,,
R1003,100k,SM0805,,ECG,ERA6AEB104V,DIGI,P100KDACT-ND,,,,,,,,,,,,,
D1003,24V,Diode_DO-41_SOD81_Vertical_AnodeUp,,MicroComercial,1N5359B-TP,DIGI,1N5359BTPMSCT-ND,,,,,sky-macau.com,0533550982,,,,,,,,
L1003,68uH,INDUCTOR_V,,BOURNS,5800-680-RC,digi,M8288-ND,,,,,sky-macau.com,2258345334,,,,,,,,
L1001,68uH,INDUCTOR_V,,BOURNS,5800-680-RC,digi,M8288-ND,,,,,sky-macau.com,2258345334,,,,,,,,
L1002,68uH,INDUCTOR_V,,BOURNS,5800-680-RC,digi,M8288-ND,,,,,sky-macau.com,2258345334,,,,,,,,
U1,STM32F407VG,TQFP_100,,ST,STM32F407VGT6,DIGI,497-11605-ND,,,,,,,,,,,,,
P1,CONN_25X2,PIN_ARRAY_25x2_A,,do not populate,DNP,do not populate,DNP,,,,,,,,,,,,,
P2,CONN_25X2,PIN_ARRAY_25x2_A,,do not populate,DNP,do not populate,DNP,,,,,,,,,,,,,
C19,4.7uF,SM0805,,TDK,CGA4J3X5R1H475K125AB,DIGI,445-7882-6-ND,,,,,,,,,,,,,
C18,0.1uF,SM0805,,AVX,08055C104KAT2A,DIGI,478-1395-1-ND,,,,,,,,,,,,,
C16,1uF,SM0805,,TDK,C2012X7S2A105K125AB,DIGI,445-5205-6-ND,,,,,,,,,,,,,
BT1,BATTERY_CR2032,BATT_CR2032_MPD,,Keystone,103,DIGI,103K-ND,,,,,,,,,,,,,
C15,2u2F,SM0805,,TDK,CGA4J3X5R1H225K125AB,DIGI,445-7880-1-ND,,,,,,,,,,,,,
C17,2u2F,SM0805,,TDK,CGA4J3X5R1H225K125AB,DIGI,445-7880-1-ND,,,,,,,,,,,,,
C6,1uF,SM0805,,TDK,C2012X7S2A105K125AB,DIGI,445-5205-6-ND,,,,,,,,,,,,,
C7,1uF,SM0805,,TDK,C2012X7S2A105K125AB,DIGI,445-5205-6-ND,,,,,,,,,,,,,
C8,0.01uF,SM0805,,AVX,08051C103JAT2A,DIGI,478-3745-6-ND,,,,,,,,,,,,,
C5,0.01uF,SM0805,,AVX,08051C103JAT2A,DIGI,478-3745-6-ND,,,,,,,,,,,,,
FB1,FILTER,SM0805,,Murata,BLM21PG221SN1D,DIGI,490-1054-6-ND,,,,,,,,,,,,,
C3,20pF,SM0805,,MURATA,GRM21A5C2E180JW01D,DIGI,490-5533-1-ND,,,,,,,,,,,,,
X1,CRYSTAL,HC-49V,,CTS,ATS08A-E,DIGI,CTX1054-ND,,,,,,,,,,,,,
SW1,SW_PUSH,TL-1105,,E-SWITCH,TL1105F160Q,DIGI,EG1827-ND,,,,,,,,,,,,,
C1,0.01uF,SM0805,,AVX,08051C103JAT2A,DIGI,478-3745-6-ND,,,,,,,,,,,,,
R10,47R,SM0805,,ECG,ERA6AEB473V,DIGI,P47KDACT-ND,,,,,,,,,,,,,
R3,10k,SM0805,,BOURNS,CR0805-FX-1002ELF,DIGI,CR0805-FX-1002ELFCT-ND,,,,,,,,,,,,,
R4,10k,SM0805,,BOURNS,CR0805-FX-1002ELF,DIGI,CR0805-FX-1002ELFCT-ND,,,,,,,,,,,,,
SW2,SW_PUSH,TL-1105,,E-SWITCH,TL1105F160Q,DIGI,EG1827-ND,,,,,,,,,,,,,
C4,2u2F,SM0805,,TDK,CGA4J3X5R1H225K125AB,DIGI,445-7880-1-ND,,,,,,,,,,,,,
R1,10k,SM0805,,BOURNS,CR0805-FX-1002ELF,DIGI,CR0805-FX-1002ELFCT-ND,,,,,,,,,,,,,
R2,100,SM0805,,PANASONIC,ERJ-6ENF1000V,DIGI,P100CTR-ND,,,,,,,,,,,,,
R5,330R,SM0805,,ECG,ERA6AEB331V,DIGI,P330DADKR-ND,,,,,,,,,,,,,
R6,680R,SM0805,,ECG,ERA6AEB681V,DIGI,P680DACT-ND,,,,,,,,,,,,,
R7,680R,SM0805,,ECG,ERA6AEB681V,DIGI,P680DACT-ND,,,,,,,,,,,,,
R8,680R,SM0805,,ECG,ERA6AEB681V,DIGI,P680DACT-ND,,,,,,,,,,,,,
R9,680R,SM0805,,ECG,ERA6AEB681V,DIGI,P680DACT-ND,,,,,,,,,,,,,
JP1,JUMPER,JUMPER-2,,JUMPER-WIRE,0R,JUMPER-WIRE,0R,,,,,,,,,,,,,
JP2,JUMPER,JUMPER-2,,JUMPER-WIRE,0R,JUMPER-WIRE,0R,,,,,,,,,,,,,
JP4,JUMPER,JUMPER-2,,JUMPER-WIRE,0R,JUMPER-WIRE,0R,,,,,,,,,,,,,
JP3,JUMPER,JUMPER-2,,JUMPER-WIRE,0R,JUMPER-WIRE,0R,,,,,,,,,,,,,
JP5,JUMPER3,SIL-3,,,,DNP,DNP,DNP,DNP,,,,,,,,,,,
C14,0.1uF,SM0805,,AVX,08055C104KAT2A,DIGI,478-1395-1-ND,,,,,,,,,,,,,
C13,0.1uF,SM0805,,AVX,08055C104KAT2A,DIGI,478-1395-1-ND,,,,,,,,,,,,,
C12,0.1uF,SM0805,,AVX,08055C104KAT2A,DIGI,478-1395-1-ND,,,,,,,,,,,,,
C11,0.1uF,SM0805,,AVX,08055C104KAT2A,DIGI,478-1395-1-ND,,,,,,,,,,,,,
C10,0.1uF,SM0805,,AVX,08055C104KAT2A,DIGI,478-1395-1-ND,,,,,,,,,,,,,
C9,0.1uF,SM0805,,AVX,08055C104KAT2A,DIGI,478-1395-1-ND,,,,,,,,,,,,,
J1,MINI-USB-5P-3400020P1,MINI-USB-5P-3400020P1,,JAE,DX2R005HN2E700,DIGI,670-1190-1-ND,,,,,,,,,,,,,
D6,DIODESCH,SM0805-diode,,ST,BAT60JFILM,DIGI,497-3707-1-ND,,,,,,,,,,,,,
P3,CONN_2,PIN_ARRAY_2_A,,do not populate,DNP,do not populate,DNP,,,,,,,,,,,,,
D5,DIODESCH,SM0805-diode,,ST,BAT60JFILM,DIGI,497-3707-1-ND,,,,,,,,,,,,,
U3,LM2937,SOT223,,TI,LM2937IMP-3.3/NOPB,,,,,,,,,,,,,,DIGI,LM2937IMP-3.3/NOPBCT-ND
R11,1k,SM0805,,Panasonic,ERA-6AEB102V,DIGI,P1.0KDACT-ND,,,,,,,,,,,,,
R12,1k,SM0805,,Panasonic,ERA-6AEB102V,DIGI,P1.0KDACT-ND,,,,,,,,,,,,,
D9,DIODESCH,SM0805-diode,,ST,BAT60JFILM,DIGI,497-3707-1-ND,,,,,,,,,,,,,
P4,CONN_6,PIN_ARRAY-6X1,,do not populate,DNP,do not populate,DNP,,,,,,,,,,,,,
R13,1k,SM0805,,Panasonic,ERA-6AEB102V,DIGI,P1.0KDACT-ND,,,,,,,,,,,,,
D1,LED-grn,LED-0805_A,,lite-on,LTST-C171GKT,DIGI,160-1423-1-ND,,,,,,,,,,,,,
D2,LED-org,LED-0805_A,,lite-on,LTST-C170KFKT,DIGI,160-1413-1-ND,,,,,,,,,,,,,
D3,LED-red,LED-0805_A,,lite-on,LTST-C171KRKT,DIGI,160-1427-1-ND,,,,,,,,,,,,,
D4,LED-blu,LED-0805_A,,lite-on,LTST-C170TBKT,DIGI,160-1579-1-ND,,,,,,,,,,,,,
D7,LED-grn,LED-0805_A,,lite-on,LTST-C171GKT,DIGI,160-1423-1-ND,,,,,,,,,,,,,
D8,LED-grn,LED-0805_A,,lite-on,LTST-C171GKT,DIGI,160-1423-1-ND,,,,,,,,,,,,,
D11,LED-grn,LED-0805_A,,lite-on,LTST-C171GKT,DIGI,160-1423-1-ND,,,,,,,,,,,,,
C20,0.1uF,SM0805,,AVX,08055C104KAT2A,DIGI,478-1395-1-ND,,,,,,,,,,,,,
R14,100k,SM0805,,ECG,ERA6AEB104V,DIGI,P100KDACT-ND,,,,,,,,,,,,,
C21,12.5pF,SM0805,,AVX,08051A120JAT2A,DIGI,478-5011-6-ND,,,,,,,,,,,,,
U2,NUF2101MT1G,SOT-457,,on-semi,NUF2101MT1G,DIGI,NUF2101MT1GOSCT-ND,,,,,,,,,,,,,
G1,LOGO,LOGO_F,,,,DNP,DNP,DNP,DNP,,,,,,,,,,,
P5,CONN_1,1PIN_SMD,,DO NOT POPULATE,DNP,DO NOT POPULATE,DNP,,,,,,,,,,,,,
J2,MINI-USB-5P-3400020P1V,MINI-USB_RCTP_V-T_B,,TE,1734753-1,DIGI,A107790-ND,,,,,,,,,,,,,
X2,CRYSTAL,MC-306,,epson,MC-306 32.768K-E3:ROHS,DIGI,SER2417CT-ND,,,,,,,,,,,,,
C22,12.5pF,SM0805,,AVX,08051A120JAT2A,DIGI,478-5011-6-ND,,,,,,,,,,,,,
C2,20pF,SM0805,,MURATA,GRM21A5C2E180JW01D,DIGI,490-5533-1-ND,,,,,,,,,,,,,
P1001,CONN_1,1PIN_SMD,,DO NOT POPULATE,DNP,DO NOT POPULATE,DNP,,,,,,,,,,,,,
P1004,CONN_1,1PIN_SMD,,DO NOT POPULATE,DNP,DO NOT POPULATE,DNP,,,,,,,,,,,,,
P1003,CONN_1,1PIN_SMD,,DO NOT POPULATE,DNP,DO NOT POPULATE,DNP,,,,,,,,,,,,,
F1002,FUSE,SM0805-diode,,DNP,DNP,DNP,DNP,,,,,,,,,,,,,
C1101,10nF,SM0805-SM0603,,AVX,08051C103JAT2A,DIGI,478-3745-6-ND,,,,,,,,,,,,,
C1102,100nF,SM0805-SM0603,,AVX,08055C104KAT2A,DIGI,478-1395-1-ND,,,,,,,,,,,,,
U1101,MAX31855KASA,SO8E,,DALLAS SEMI,MAX31855KASA+	,DIGI,MAX31855KASA+-ND,,,,,,,,,,,,,
P1104,CONN_2,tcpl_PCC-SMP,,omega,PCC-SMP-K,DIGI,1471-1067-ND,,,,,,,,,,,,,
P1103,CONN_2,SIL-2,,on-shore,OSTVN02A150,DIGI,ED10561-ND,,,,,,,,,,,,,
P1101,CONN_1,1pin,,DO NOT POPULATE,DNP,DO NOT POPULATE,DNP,,,,,,,,,,,,,
P1102,CONN_1,1pin,,DO NOT POPULATE,DNP,DO NOT POPULATE,DNP,,,,,,,,,,,,,
C1201,10nF,SM0805-SM0603,,AVX,08051C103JAT2A,DIGI,478-3745-6-ND,,,,,,,,,,,,,
C1202,100nF,SM0805-SM0603,,AVX,08055C104KAT2A,DIGI,478-1395-1-ND,,,,,,,,,,,,,
U1201,MAX31855KASA,SO8E,,DALLAS SEMI,MAX31855KASA+	,DIGI,MAX31855KASA+-ND,,,,,,,,,,,,,
P1204,CONN_2,tcpl_PCC-SMP,,omega,PCC-SMP-K,DIGI,1471-1067-ND,,,,,,,,,,,,,
P1203,CONN_2,SIL-2,,on-shore,OSTVN02A150,DIGI,ED10561-ND,,,,,,,,,,,,,
P1201,CONN_1,1pin,,DO NOT POPULATE,DNP,DO NOT POPULATE,DNP,,,,,,,,,,,,,
P1202,CONN_1,1pin,,DO NOT POPULATE,DNP,DO NOT POPULATE,DNP,,,,,,,,,,,,,
C1301,10nF,SM0805-SM0603,,AVX,08051C103JAT2A,DIGI,478-3745-6-ND,,,,,,,,,,,,,
C1302,100nF,SM0805-SM0603,,AVX,08055C104KAT2A,DIGI,478-1395-1-ND,,,,,,,,,,,,,
U1301,MAX31855KASA,SO8E,,DALLAS SEMI,MAX31855KASA+	,DIGI,MAX31855KASA+-ND,,,,,,,,,,,,,
P1304,CONN_2,tcpl_PCC-SMP,,omega,PCC-SMP-K,DIGI,1471-1067-ND,,,,,,,,,,,,,
P1303,CONN_2,SIL-2,,on-shore,OSTVN02A150,DIGI,ED10561-ND,,,,,,,,,,,,,
P1301,CONN_1,1pin,,DO NOT POPULATE,DNP,DO NOT POPULATE,DNP,,,,,,,,,,,,,
P1302,CONN_1,1pin,,DO NOT POPULATE,DNP,DO NOT POPULATE,DNP,,,,,,,,,,,,,
C1401,10nF,SM0805-SM0603,,AVX,08051C103JAT2A,DIGI,478-3745-6-ND,,,,,,,,,,,,,
C1402,100nF,SM0805-SM0603,,AVX,08055C104KAT2A,DIGI,478-1395-1-ND,,,,,,,,,,,,,
U1401,MAX31855KASA,SO8E,,DALLAS SEMI,MAX31855KASA+	,DIGI,MAX31855KASA+-ND,,,,,,,,,,,,,
P1404,CONN_2,tcpl_PCC-SMP,,omega,PCC-SMP-K,DIGI,1471-1067-ND,,,,,,,,,,,,,
P1403,CONN_2,SIL-2,,on-shore,OSTVN02A150,DIGI,ED10561-ND,,,,,,,,,,,,,
P1401,CONN_1,1pin,,DO NOT POPULATE,DNP,DO NOT POPULATE,DNP,,,,,,,,,,,,,
P1402,CONN_1,1pin,,DO NOT POPULATE,DNP,DO NOT POPULATE,DNP,,,,,,,,,,,,,
JPO2,TEST-gnd,SIL-2,,,,dnp,dnp,dnp,dnp,,,,,,,,,,,
JPO3,TEST-gnd,SIL-2,,,,dnp,dnp,dnp,dnp,,,,,,,,,,,
TEST2,TEST-C-C,SIL-2,,dnp,dnp,dnp,dnp,,,,,,,,,,,,,
P7,pin_array_12x2,pin_array_12x2,,dnp,dnp,dnp,dnp,,,,,,,,,,,,,
P8,pin_array_12x2,pin_array_12x2,,dnp,dnp,dnp,dnp,,,,,,,,,,,,,
P14,pin_array_12x2,pin_array_12x2,,dnp,dnp,dnp,dnp,,,,,,,,,,,,,
P24,pin_array_8x2,pin_array_8x2,,,,dnp,dnp,dnp,dnp,,,,,,,,,,,
P25,pin_array_8x2,pin_array_8x2,,,,dnp,dnp,dnp,dnp,,,,,,,,,,,
P26,pin_array_8x2,pin_array_8x2,,,,dnp,dnp,dnp,dnp,,,,,,,,,,,
JPO6,TEST-gnd,SIL-2,,,,dnp,dnp,dnp,dnp,,,,,,,,,,,
JPO7,TEST-gnd,SIL-2,,,,dnp,dnp,dnp,dnp,,,,,,,,,,,
JPO8,TEST-gnd,SIL-2,,,,dnp,dnp,dnp,dnp,,,,,,,,,,,
JPO9,TEST-gnd,SIL-2,,,,dnp,dnp,dnp,dnp,,,,,,,,,,,
P28,CONN_12X2,pin_array_12x2,
P29,CONN_5X2,Pin_Header_Straight_2x05,
P27,CONN_6X2,pin_array_6x2,
P50,CONN_13X2,pin_array_13x2,
P31,CONN_4X2,Pin_Header_Straight_2x04,
P33,CONN_8X2,pin_array_8x2,
P49,CONN_2X2,PIN_ARRAY_2X2,
P35,CONN_12X2,pin_array_12x2,
P36,CONN_12X2,pin_array_12x2,
P42,CONN_12X2,pin_array_12x2,
P43,CONN_12X2,pin_array_12x2,
P39,CONN_8X2,pin_array_8x2,
P40,CONN_8X2,pin_array_8x2,
P44,CONN_8X2,pin_array_8x2,
P46,CONN_8X2,pin_array_8x2,
P34,CONN_5X2,Pin_Header_Straight_2x05,
P37,CONN_5X2,Pin_Header_Straight_2x05,
P38,CONN_5X2,Pin_Header_Straight_2x05,
P41,CONN_5X2,Pin_Header_Straight_2x05,
P45,CONN_5X2,Pin_Header_Straight_2x05,
P47,CONN_5X2,Pin_Header_Straight_2x05,
P32,CONN_4X2,Pin_Header_Straight_2x04,
P48,CONN_4X2,Pin_Header_Straight_2x04,
P54,CONN_5X2,Pin_Header_Straight_2x05,
P53,CONN_4X2,Pin_Header_Straight_2x04,
